<?xml version="1.0" encoding="UTF-8"?>
<!DOCTYPE mapper PUBLIC "-//mybatis.org//DTD Mapper 3.0//EN" "http://mybatis.org/dtd/mybatis-3-mapper.dtd">
<mapper namespace="com.cimr.operations.dao.TbTerminalTypeDao">
    <!-- DemoTest的resultMap,column是给数据库列起的别名,它对应property类的属性-->
    <resultMap id="result_TbTerminalType_Map" type="com.cimr.operations.model.TbTerminalType">
			<id column="id" property="id" />
			<id column="create_by" property="createBy" />
			<id column="create_time" property="createTime" />
			<id column="del_flag" property="delFlag" />
			<id column="remark" property="remark" />
			<id column="update_by" property="updateBy" />
			<id column="update_time" property="updateTime" />
			<id column="status" property="status" />
			<id column="type" property="type" />
			<id column="type_name" property="typeName" />
			<id column="type_parm" property="typeParm" />
    </resultMap>

	   <!-- Assist用于辅助工具类setRequires设置的条件,${req.require}表示列名,#{req.value}表示值它是防SQL注入的 -->
    <sql id="Assist">
        <where>
            <foreach collection="require" item="req" separator=" ">
                ${req.require} 
                <if test="req.value != null"> #{req.value}</if> 
                <if test="req.values != null">
                    <foreach collection="req.values" item="val" separator=","> 
                         #{val}
                    </foreach> 
                </if> 
                <if test="req.suffix != null"> ${req.suffix}</if> 
            </foreach>
        </where>
    </sql>

	   <!-- updateAssist用于更新数据的使用它拓展自Assist,用于辅助工具类setRequires设置的条件,${req.require}表示列名,#{req.value}表示值它是防SQL注入的 -->
    <sql id="updateAssist">
        <where>
            <foreach collection="assist.require" item="req" separator=" ">
                ${req.require}
                <if test="req.value != null"> #{req.value}</if> 
                <if test="req.values != null">
                    <foreach collection="req.values" item="val" separator=","> 
                        #{val} 
                    </foreach> 
                </if> 
                <if test="req.suffix != null"> ${req.suffix}</if> 
            </foreach>
        </where>
    </sql>

    <!-- 数据库中表名为:TbTerminalType的列名,as前是数据库的列明,as后是列的别名用于映射成实体类中的属性,需要注意的是别名必须与resultMap中的column别名一致 -->
    <sql id="TbTerminalType_Column">
    		 tb_terminal_type.id as id
    		 ,tb_terminal_type.create_by as create_by
    		 ,tb_terminal_type.create_time as create_time
    		 ,tb_terminal_type.del_flag as del_flag
    		 ,tb_terminal_type.remark as remark
    		 ,tb_terminal_type.update_by as update_by
    		 ,tb_terminal_type.update_time as update_time
    		 ,tb_terminal_type.status as status
    		 ,tb_terminal_type.type as type
    		 ,tb_terminal_type.type_name as type_name
    		 ,tb_terminal_type.type_parm as type_parm
    </sql>

    <!--获得类名为:TbTerminalType对应的数据库表的数据总行数 -->
    <select id="getObjRowCountCommon" parameterType="com.cimr.util.Assist" resultType="java.lang.Long">
        select count(id) from tb_terminal_type
        <if test="require!=null"><include refid="Assist" /></if>
    </select>

    <!-- 通用列表查询-->
    <select id="selectListCommon" parameterType="com.cimr.util.Assist" resultMap="result_TbTerminalType_Map">
        SELECT <include refid="TbTerminalType_Column" /> FROM tb_terminal_type
        <if test="require!=null"><include refid="Assist" /></if>
        <choose>
            <when test="order !=null">
                ${order}
            </when>
            <otherwise>
                order by create_time DESC
            </otherwise>
        </choose>
        <if test="startRow !=null and rowSize !=null">
            LIMIT  #{startRow},#{rowSize}
        </if>
    </select>


    <!-- 获得一个TbTerminalType对象,以参数DemoTest对象中不为空的属性作为条件进行查询-->
    <select id="selectObjByObjCommon" parameterType="com.cimr.operations.model.TbTerminalType" resultMap="result_TbTerminalType_Map">
        select 
            <include refid="TbTerminalType_Column" /> 
        from tb_terminal_type
        <where>
        		 <if test="id != null "> and tb_terminal_type.id = #{id}</if>
        		 <if test="createBy != null "> and tb_terminal_type.create_by = #{createBy}</if>
        		 <if test="createTime != null "> and tb_terminal_type.create_time = #{createTime}</if>
        		 <if test="delFlag != null "> and tb_terminal_type.del_flag = #{delFlag}</if>
        		 <if test="remark != null "> and tb_terminal_type.remark = #{remark}</if>
        		 <if test="updateBy != null "> and tb_terminal_type.update_by = #{updateBy}</if>
        		 <if test="updateTime != null "> and tb_terminal_type.update_time = #{updateTime}</if>
        		 <if test="status != null "> and tb_terminal_type.status = #{status}</if>
        		 <if test="type != null "> and tb_terminal_type.type = #{type}</if>
        		 <if test="typeName != null "> and tb_terminal_type.type_name = #{typeName}</if>
        		 <if test="typeParm != null "> and tb_terminal_type.type_parm = #{typeParm}</if>
        </where>
    </select> 

    <!-- 通过TbTerminalType的id获得对应数据库中表的数据对象-->
    <select id="selectObjByIdCommon" parameterType="java.lang.String" resultMap="result_TbTerminalType_Map">
        select 
            <include refid="TbTerminalType_Column" /> 
        from tb_terminal_type
        where tb_terminal_type.id = #{id}
    </select> 

    <!-- 将TbTerminalType插入到对应数据库的表中,包括属性值为null的数据-->

    <insert id="insertObjCommon" parameterType="com.cimr.operations.model.TbTerminalType">
        insert into tb_terminal_type(id,create_by,create_time,del_flag,remark,update_by,update_time,status,type,type_name,type_parm) 
        values(#{id},#{createBy},#{createTime},#{delFlag},#{remark},#{updateBy},#{updateTime},#{status},#{type},#{typeName},#{typeParm})
    </insert>

    <!-- 将TbTerminalType中属性值不为null的数据,插入到对应数据库的表中-->
    <insert id="insertNonEmptyObjCommon" parameterType="com.cimr.operations.model.TbTerminalType">
        insert into tb_terminal_type
        <trim prefix="(" suffix=")" suffixOverrides=",">
        		 <if test="id  != null">id,</if>
        		 <if test="createBy  != null">create_by,</if>
        		 <if test="createTime  != null">create_time,</if>
        		 <if test="delFlag  != null">del_flag,</if>
        		 <if test="remark  != null">remark,</if>
        		 <if test="updateBy  != null">update_by,</if>
        		 <if test="updateTime  != null">update_time,</if>
        		 <if test="status  != null">status,</if>
        		 <if test="type  != null">type,</if>
        		 <if test="typeName  != null">type_name,</if>
        		 <if test="typeParm  != null">type_parm,</if>
        </trim>
        <trim prefix="values (" suffix=")" suffixOverrides=",">
        		 <if test="id != null"> #{id},</if>
        		 <if test="createBy != null"> #{createBy},</if>
        		 <if test="createTime != null"> #{createTime},</if>
        		 <if test="delFlag != null"> #{delFlag},</if>
        		 <if test="remark != null"> #{remark},</if>
        		 <if test="updateBy != null"> #{updateBy},</if>
        		 <if test="updateTime != null"> #{updateTime},</if>
        		 <if test="status != null"> #{status},</if>
        		 <if test="type != null"> #{type},</if>
        		 <if test="typeName != null"> #{typeName},</if>
        		 <if test="typeParm != null"> #{typeParm},</if>
        </trim>
    </insert>

    <!-- 将TbTerminalType批量插入到对应数据库的表中-->
    <insert id="insertObjByBatchCommon" parameterType="ArrayList">
        insert into tb_terminal_type(id,create_by,create_time,del_flag,remark,update_by,update_time,status,type,type_name,type_parm) values
        <foreach collection="list" item="item" index="index" separator="," >
            (#{item.id},#{item.createBy},#{item.createTime},#{item.delFlag},#{item.remark},#{item.updateBy},#{item.updateTime},#{item.status},#{item.type},#{item.typeName},#{item.typeParm})
        </foreach>
    </insert>

    <!-- 通过TbTerminalType的id将数据库表中对应的数据删除-->
    <delete id="deleteObjByIdCommon" parameterType="java.lang.String">
        delete from tb_terminal_type
        where id = #{id}
    </delete>

    <!-- 通过辅助工具Assist中的条件将TbTerminalType对应的数据库表的数据删除-->
    <delete id="deleteObjCommon" parameterType="com.cimr.util.Assist">
        delete from tb_terminal_type
        <if test="require!=null"><include refid="Assist" /></if>
    </delete>

    <!-- 通过TbTerminalType的id将TbTerminalType的数据更新到数据库中对应的表,包括值null的数据-->
    <update id="updateObjByIdCommon" parameterType="com.cimr.operations.model.TbTerminalType">
        update tb_terminal_type set
        		
        		
        		 create_by=#{createBy}
        		
        		
        		 ,create_time=#{createTime}
        		
        		 ,del_flag=#{delFlag}
        		
        		 ,remark=#{remark}
        		
        		 ,update_by=#{updateBy}
        		
        		 ,update_time=#{updateTime}
        		
        		 ,status=#{status}
        		
        		 ,type=#{type}
        		
        		 ,type_name=#{typeName}
        		
        		 ,type_parm=#{typeParm}
        where id=#{id}
    </update>

    <!-- 通过TbTerminalType的id将TbTerminalType中属性值不为null的数据更新到数据库对应的表中-->
    <update id="updateNonEmptyObjByIdCommon" parameterType="com.cimr.operations.model.TbTerminalType">
        update tb_terminal_type
        <set>
        		 <if test="createBy  != null">
	                create_by=#{createBy},
	             </if>
        		 <if test="createTime  != null">
	                create_time=#{createTime},
	             </if>
        		 <if test="delFlag  != null">
	                del_flag=#{delFlag},
	             </if>
        		 <if test="remark  != null">
	                remark=#{remark},
	             </if>
        		 <if test="updateBy  != null">
	                update_by=#{updateBy},
	             </if>
        		 <if test="updateTime  != null">
	                update_time=#{updateTime},
	             </if>
        		 <if test="status  != null">
	                status=#{status},
	             </if>
        		 <if test="type  != null">
	                type=#{type},
	             </if>
        		 <if test="typeName  != null">
	                type_name=#{typeName},
	             </if>
        		 <if test="typeParm  != null">
	                type_parm=#{typeParm},
	             </if>
        </set>
        where id=#{id}
    </update>

    <!-- 通过辅助工具Assist中的条件将TbTerminalType中的数据更新到数据库对应的表中,包括值为null的数据-->
    <update id="updateObjCommon" parameterType="map">
        update tb_terminal_type
        <set>
        			 id=#{id},
        			 create_by=#{createBy},
        			 create_time=#{createTime},
        			 del_flag=#{delFlag},
        			 remark=#{remark},
        			 update_by=#{updateBy},
        			 update_time=#{updateTime},
        			 status=#{status},
        			 type=#{type},
        			 type_name=#{typeName},
        			 type_parm=#{typeParm},
        </set>
        <if test="assist.require!=null"><include refid="updateAssist" /></if>
    </update>

    <!-- 通过辅助工具Assist中的条件将TbTerminalType中属性值不为null的数据更新到数据库对应的表中-->
    <update id="updateNonEmptyObjCommon" parameterType="map">
        update tb_terminal_type
        <set>
	        	 <if test="enti.id != null">
	                id=#{enti.id},
	            </if>
	        	 <if test="enti.createBy != null">
	                create_by=#{enti.createBy},
	            </if>
	        	 <if test="enti.createTime != null">
	                create_time=#{enti.createTime},
	            </if>
	        	 <if test="enti.delFlag != null">
	                del_flag=#{enti.delFlag},
	            </if>
	        	 <if test="enti.remark != null">
	                remark=#{enti.remark},
	            </if>
	        	 <if test="enti.updateBy != null">
	                update_by=#{enti.updateBy},
	            </if>
	        	 <if test="enti.updateTime != null">
	                update_time=#{enti.updateTime},
	            </if>
	        	 <if test="enti.status != null">
	                status=#{enti.status},
	            </if>
	        	 <if test="enti.type != null">
	                type=#{enti.type},
	            </if>
	        	 <if test="enti.typeName != null">
	                type_name=#{enti.typeName},
	            </if>
	        	 <if test="enti.typeParm != null">
	                type_parm=#{enti.typeParm},
	            </if>
        </set>
        <if test="assist.require!=null"><include refid="updateAssist" /></if>
    </update>


</mapper>